nombre,fecha_extraccion
A. Blinkova / M. S. A. Abdelaziz,2026-04-16
A. Parks / Q. Tang,2026-04-16
AL Sulaiti G / Ziadi M,2026-04-16
Abbagnato A / Zucchini A,2026-04-16
Abdullah Shelbayh,2026-04-16
Abdulrahman AL Janahi,2026-04-16
Ada Kumru,2026-04-16
Adam Walton,2026-04-16
Adelina Lachinova,2026-04-16
Adolfo Daniel Vallejo,2026-04-16
Adrian Andreev,2026-04-16
Adrian Mannarino,2026-04-16
Aiava D / Bucsa C,2026-04-16
Aiava D / Inglis M,2026-04-16
Aidan Mayo,2026-04-16
Ajeet Rai,2026-04-16
Ajla Tomljanovic,2026-04-16
Akanksha Dileep Nitture,2026-04-16
Aksu A / Öz İ,2026-04-16
Alan Magadan,2026-04-16
Alana Smith,2026-04-16
Alana Subasic,2026-04-16
Alba Salles Canudas,2026-04-16
Albert Ramos-Vinolas,2026-04-16
Albot R / Daniel T,2026-04-16
Alejandro Davidovich Fokina,2026-04-16
Alejandro Moro Canas,2026-04-16
Alejandro Tabilo,2026-04-16
Alejo Sanchez Quilez,2026-04-16
Aleksandar Kovacevic,2026-04-16
Aleksandar Vukic,2026-04-16
Aleksandra Krunić,2026-04-16
Alessandra Mazzola,2026-04-16
Alevtina Ibragimova,2026-04-16
Alex Bolt,2026-04-16
Alex Michelsen,2026-04-16
Alex Molčan,2026-04-16
Alex de Minaur,2026-04-16
Alexander Blockx,2026-04-16
Alexander Bublik,2026-04-16
Alexander Klintcharov,2026-04-16
Alexander Ritschard,2026-04-16
Alexander Shevchenko,2026-04-16
Alexander Zverev,2026-04-16
Alexandra Bozovic,2026-04-16
Alexandra Eala,2026-04-16
Alexandre Muller,2026-04-16
Alexandrova E / Samsonova L,2026-04-16
Alexandrova E / Santamaria S,2026-04-16
Alexandrova E / Stearns P,2026-04-16
Alexandrova E / Yuan Y,2026-04-16
Alexei Popyrin,2026-04-16
Alexis Galarneau,2026-04-16
Aliaksandra Sasnovich,2026-04-16
Alibek Kachmazov,2026-04-16
Alice Gillan,2026-04-16
Alice Robbe,2026-04-16
Alice Tubello,2026-04-16
Alina Charaeva,2026-04-16
Alina Korneeva,2026-04-16
Aliona Bolsova,2026-04-16
Aliona Falei,2026-04-16
Alisa Oktiabreva,2026-04-16
Alize Cornet,2026-04-16
Allen K / Leon S,2026-04-16
Alvaro Guillen Meza,2026-04-16
Alycia Parks,2026-04-16
Alyssa Reguer,2026-04-16
Amalia Suciu,2026-04-16
Amanda Anisimova,2026-04-16
Amandine Hesse,2026-04-16
Amarissa Kiara Toth,2026-04-16
Amarni Banks,2026-04-16
Amelia Rajecki,2026-04-16
Amina Anshba,2026-04-16
Amine Jamji,2026-04-16
Ana Bogdan,2026-04-16
Ana Filipa Santos,2026-04-16
Ana Konjuh,2026-04-16
Ana Sofia Sanchez,2026-04-16
Analu Freitas,2026-04-16
Anastasia Abbagnato,2026-04-16
Anastasia Pavlyuchenkova,2026-04-16
Anastasia Potapova,2026-04-16
Anastasia Tikhonova,2026-04-16
Anastasia Zakharova,2026-04-16
Anastasiia Gureva,2026-04-16
Anastasiia Sobolieva,2026-04-16
Anastasija Sevastova,2026-04-16
Anca Todoni,2026-04-16
Andrea Collarini,2026-04-16
Andrea Lazaro Garcia,2026-04-16
Andrea Vavassori,2026-04-16
Andreescu B / Sutjiadi A,2026-04-16
Andreeva M / Shnaider D,2026-04-16
Andres Andrade,2026-04-16
Andrey Rublev,2026-04-16
Andrianjafitrimo T / Ferro F,2026-04-16
Ane Mintegi Del Olmo,2026-04-16
Aney J / Failla J,2026-04-16
Aney J / Plipuech P,2026-04-16
Angela Fita Boluda,2026-04-16
Angelica Raggi,2026-04-16
Angelina Voloshchuk,2026-04-16
Anhelina Kalinina,2026-04-16
Ankita Raina,2026-04-16
Ann Li,2026-04-16
Anna Blinkova,2026-04-16
Anna Bondar,2026-04-16
Anna Dvoračkova,2026-04-16
Anna Kalinskaya,2026-04-16
Anna-Karolina Schmiedlova,2026-04-16
Anna-Lena Friedsam,2026-04-16
Anouck Vrancken Peeters,2026-04-16
Anouk Koevermans,2026-04-16
Anshba A / Noha Akugue N,2026-04-16
Anshba A / Pridankina E,2026-04-16
Anshba A / Zarazúa R,2026-04-16
Antoine Escoffier,2026-04-16
Antonia Ružić,2026-04-16
Aoi Ito,2026-04-16
Aoyama S / Bucsa C,2026-04-16
Aoyama S / Chan H-C,2026-04-16
Aoyama S / Hozumi E,2026-04-16
Aoyama S / Kichenok N,2026-04-16
Aoyama S / Santamaria S,2026-04-16
Aoyama S / Uchijima M,2026-04-16
Appleton E / Cavalle-Reimers Y,2026-04-16
Appleton E / Gamarra Martins I,2026-04-16
Appleton E / Gleason Q,2026-04-16
Appleton E / Haverlag I,2026-04-16
Appleton E / Watson H,2026-04-16
Arango E / Janicijevic S,2026-04-16
Arango E / Riera J,2026-04-16
Arango E / Zarazúa R,2026-04-16
Arantxa Rus,2026-04-16
Arends S / Johnson L,2026-04-16
Arends S / Pel D,2026-04-16
Arevalo M / Babos T,2026-04-16
Arevalo M / Pavic M,2026-04-16
Arevalo M / Zhang S,2026-04-16
Ariana Geerlings Martinez,2026-04-16
Arianna Zucchini,2026-04-16
Arianne Hartono,2026-04-16
Arias B / Zeballos F,2026-04-16
Arina Rodionova,2026-04-16
Arnaldi M / Etcheverry T,2026-04-16
Arnaldi M / Nakashima B,2026-04-16
Arnaldi M / Popyrin A,2026-04-16
Arneodo R / Cazaux A,2026-04-16
Arneodo R / Guinard M,2026-04-16
Arneodo R / Polmans M,2026-04-16
Arribage T / Olivetti A,2026-04-16
Arseneault A / Kalashnikova O,2026-04-16
Arthur Bouquier,2026-04-16
Arthur Cazaux,2026-04-16
Arthur Fery,2026-04-16
Arthur Fils,2026-04-16
Arthur Gea,2026-04-16
Arthur Rinderknech,2026-04-16
Aryna Sabalenka,2026-04-16
Ashlyn Krueger,2026-04-16
Aslan Karatsev,2026-04-16
Astra Sharma,2026-04-16
Astrid Lew Yan Foon,2026-04-16
Audrey Tong,2026-04-16
August Holmgren,2026-04-16
Aurora Piccinini,2026-04-16
Aurora Zantedeschi,2026-04-16
Ava Beck,2026-04-16
Avanesyan E / Stephens S,2026-04-16
Aya El Aouni,2026-04-16
Ayla Aksu,2026-04-16
Azarenka V / Krueger A,2026-04-16
Azarenka V / Routliffe E,2026-04-16
Aziz Dougaz,2026-04-16
Baadi T / Lalami Laaroussi Y,2026-04-16
Babos T / Melichar-Martinez N,2026-04-16
Babos T / Stefani L,2026-04-16
Badosa P / Jabeur O,2026-04-16
Balaji N / Reyes-Varela M A,2026-04-16
Baptiste H / Krueger A,2026-04-16
Baptiste H / Mcnally C,2026-04-16
Baptiste H / Watson H,2026-04-16
Bara I M / Martins I,2026-04-16
Bara I M / Pigossi L,2026-04-16
Bara I M / Semenistaja D,2026-04-16
Barbora Krejčiková,2026-04-16
Barbora Palicova,2026-04-16
Barnett A / Bhosale R,2026-04-16
Barnett A / Lechemia E,2026-04-16
Barrere G / Mannarino A,2026-04-16
Barrientos N / Bollipalli R C,2026-04-16
Barrientos N / Bopanna R,2026-04-16
Barrientos N / Gille S,2026-04-16
Barrientos N / Jacq G,2026-04-16
Barry M / Otway J,2026-04-16
Bartashevich Y / Mattel M,2026-04-16
Bassols Ribera M / Maristany Zuleta De Reales G,2026-04-16
Bastian Malla,2026-04-16
Bayerlova M / Perez Garcia M P,2026-04-16
Beatriz Haddad Maia,2026-04-16
Begu I / Cirstea S,2026-04-16
Begu I / Vondrousova M,2026-04-16
Begu I-C / Martins I,2026-04-16
Behar A / Galloway R,2026-04-16
Behar A / Nys H,2026-04-16
Behar A / Vliegen J,2026-04-16
Beibit Zhukayev,2026-04-16
Bektas E / Krunić A,2026-04-16
Belgraver J / Boisson L,2026-04-16
Belinda Bencic,2026-04-16
Bellucci M / Cobolli F,2026-04-16
Bellucci M / Gaston H,2026-04-16
Bellucci M / Marozsan F,2026-04-16
Bellucci M / Romano F,2026-04-16
Ben Shelton,2026-04-16
Benchetrit E / Herbert P-H,2026-04-16
Benjamin Bonzi,2026-04-16
Benjamin Hassan,2026-04-16
Benoit Paire,2026-04-16
Bergs Z / Borges N,2026-04-16
Bergs Z / Tien L,2026-04-16
Bergs Z / de Jong J,2026-04-16
Bernard Tomic,2026-04-16
Bernarda Pera,2026-04-16
Berrettini J / Berrettini M,2026-04-16
Berrettini M / Sonego L,2026-04-16
Bethanie Mattek-Sands,2026-04-16
Bhambri Y / Borges N,2026-04-16
Bhambri Y / Dodig I,2026-04-16
Bhambri Y / Galloway R,2026-04-16
Bhambri Y / Goransson A,2026-04-16
Bhambri Y / Middelkoop M,2026-04-16
Bhambri Y / Olivetti A,2026-04-16
Bhambri Y / Popyrin A,2026-04-16
Bhamidipaty S R / Bhatia R,2026-04-16
Bhosale R / Hourigan P M,2026-04-16
Bianca Andreescu,2026-04-16
Billy Harris,2026-04-16
Birrell K / Dart H,2026-04-16
Birrell K / Gadecki O,2026-04-16
Birrell K / Gibson T,2026-04-16
Blake Ellis,2026-04-16
Blancaneaux G / Cascino E,2026-04-16
Blancaneaux G / Royer V,2026-04-16
Blanchet U / Jacquet K,2026-04-16
Blinkova A / Gracheva V,2026-04-16
Blinkova A / Wu F-H,2026-04-16
Blinkova A / Yuan Y,2026-04-16
Bogdan A / Halep S,2026-04-16
Bolelli S / Samsonova L,2026-04-16
Bolelli S / Vavassori A,2026-04-16
Bollipalli R C / Haase R,2026-04-16
Bollipalli R C / Seggerman R,2026-04-16
Bolsova A / Cavalle-Reimers Y,2026-04-16
Bolsova A / Fossa Huergo N,2026-04-16
Bolt A / Hon P,2026-04-16
Bondar A / Burrage J,2026-04-16
Bondar A / Minnen G,2026-04-16
Bondar A / Uchijima M,2026-04-16
Bondar A / Waltert S,2026-04-16
Bondar A / Zidanšek T,2026-04-16
Bondioli F / Caniato C A,2026-04-16
Bonzi B / Herbert P-H,2026-04-16
Bopanna R / Borges N,2026-04-16
Bopanna R / Dodig I,2026-04-16
Bopanna R / Pavlasek A,2026-04-16
Bopanna R / Schuurs D,2026-04-16
Bopanna R / Shelton B,2026-04-16
Bopanna R / Zhang S,2026-04-16
Borges N / Cabral F,2026-04-16
Borges N / Rinderknech A,2026-04-16
Borna Gojo,2026-04-16
Borna Ćorić,2026-04-16
Bortolotti M / Cobolli F.,2026-04-16
Botic Van de Zandschulp,2026-04-16
Boulter K / Kasatkina D,2026-04-16
Bouzas Maneiro J / Cavalle-Reimers Y,2026-04-16
Bouzas Maneiro J / Gracheva V,2026-04-16
Bouzkova M / Mattek-Sands B,2026-04-16
Bouzkova M / Panova A,2026-04-16
Boyer T / Virtanen O,2026-04-16
Boyer T / Whiting T,2026-04-16
Bozovic A / McPhee K,2026-04-16
Brancaccio N / Gorgodze E,2026-04-16
Brancaccio N / Rosatello C,2026-04-16
Brandon Holt,2026-04-16
Brandon Nakashima,2026-04-16
Brenda Fruhvirtova,2026-04-16
Briana Szabo,2026-04-16
Brockmann T J / Ristic M,2026-04-16
Bronzetti L / Cocciaretto E,2026-04-16
Bronzetti L / Kalinina A,2026-04-16
Bronzetti L / Li A,2026-04-16
Brooke Anna Black,2026-04-16
Brooks M / Christie F,2026-04-16
Brooks M / Corley I,2026-04-16
Brooks M / Haverlag I,2026-04-16
Brooks M / Hule P,2026-04-16
Brooks M / Silva E,2026-04-16
Brooksby J / Giron M,2026-04-16
Brooksby J / Tien L,2026-04-16
Bu Y / Carballes Baena R,2026-04-16
Bu Y / Martinez P,2026-04-16
Bu Y / Ugo Carabelli C,2026-04-16
Bublik A / Khachanov K,2026-04-16
Bublik A / Shevchenko A,2026-04-16
Bucsa C / Kato M,2026-04-16
Bucsa C / Moratelli A,2026-04-16
Bucsa C / Osorio C,2026-04-16
Bucsa C / Sizikova Y,2026-04-16
Bucsa C / Sorribes Tormo S,2026-04-16
Bucsa C / Xu Y,2026-04-16
Burillo Escorihuela I / Pridankina E,2026-04-16
Burrage J / Kartal S,2026-04-16
Burrage J / Tauson C,2026-04-16
Burrage J A / Gadecki O,2026-04-16
Burruchaga R / Torres J,2026-04-16
C. Cretu / B. Pavel,2026-04-16
Cabral F / Miedler L,2026-04-16
Cabral F / Rojer J-J,2026-04-16
Cabrera L / Preston T,2026-04-16
Cagla Buyukakcay,2026-04-16
Calvin Hemery,2026-04-16
Cameron Norrie,2026-04-16
Camila Osorio,2026-04-16
Camilla Rosatello,2026-04-16
Camilo Ugo Carabelli,2026-04-16
Carballes Baena R / Muller A,2026-04-16
Carle M L / Rus A,2026-04-16
Carle M L / Waltert S,2026-04-16
Carle M L / Zarazua R,2026-04-16
Carlos Alcaraz,2026-04-16
Carlos Sanchez Jover,2026-04-16
Carlos Taberner,2026-04-16
Carlota Martinez Cirez,2026-04-16
Carlé M / Pigossi L,2026-04-16
Carol Young-suh Lee,2026-04-16
Carol Zhao,2026-04-16
Carole Monnet,2026-04-16
Carolina Alves,2026-04-16
Caroline Dolehide,2026-04-16
Caroline Garcia,2026-04-16
Caroline Werner,2026-04-16
Carreno Busta P / Martos Gornes S,2026-04-16
Carson Branstine,2026-04-16
Cascino E / Charaeva A,2026-04-16
Cascino E / Monnet C,2026-04-16
Cascino E / Noha Akugue N,2026-04-16
Cascino E / Salden L,2026-04-16
Cash J / Glasspool L,2026-04-16
Cash J / Perez E,2026-04-16
Cash Ju / Miedler L,2026-04-16
Cash R / Tracy J,2026-04-16
Casper Ruud,2026-04-16
Catherine Aulia,2026-04-16
Catherine McNally,2026-04-16
Cavalle-Reimers Y / Gamiz A,2026-04-16
Cavalle-Reimers Y / Kempen M,2026-04-16
Cavalle-Reimers Y / Moratelli A,2026-04-16
Cavalle-Reimers Y / Salden L,2026-04-16
Cazaux A / Mayot H,2026-04-16
Cazaux A / Wawrinka S,2026-04-16
Celia Cerviño Ruiz,2026-04-16
Celine Naef,2026-04-16
Celine Simunyu,2026-04-16
Cerundolo F / Cobolli F,2026-04-16
Cerundolo F / Etcheverry T,2026-04-16
Cerundolo F / Michelsen A,2026-04-16
Cerundolo F / Tabilo A,2026-04-16
Cerundolo F / Ugo Carabelli C,2026-04-16
Cervantes Huegun I / Roca Batalla O,2026-04-16
Cervantes I / Martinez Portero P,2026-04-16
Cezar Cretu,2026-04-16
Chan H / Kichenok L,2026-04-16
Chan H / Kudermetova V,2026-04-16
Chan H / Olmos G,2026-04-16
Chan H-C / Samsonova L,2026-04-16
Chandrasekar A / Drzewiecki K,2026-04-16
Chang H / McHale C,2026-04-16
Chang S / Kulikov A,2026-04-16
Chang S / McAdoo R,2026-04-16
Charles Broom,2026-04-16
Chloe Paquet,2026-04-16
Chris Rodesch,2026-04-16
Christie F / Gadecki O,2026-04-16
Christina McHale,2026-04-16
Christopher Eubanks,2026-04-16
Christopher O'Connell,2026-04-16
Chun-Hsin Tseng,2026-04-16
Chwalinska M / Detiuc A,2026-04-16
Chwalinska M / Kraus S,2026-04-16
Chwalinska M / Pigossi L,2026-04-16
Cindy Langlais,2026-04-16
Ciric Bagaric L / Radivojevic L,2026-04-16
Cirstea S / Kalinskaya A,2026-04-16
Cirstea S / Zhang S,2026-04-16
Claire Liu,2026-04-16
Clara Burel,2026-04-16
Clara Tauson,2026-04-16
Claudia Sofia Martínez Solís,2026-04-16
Clement Chidekh,2026-04-16
Clement Tabur,2026-04-16
Clervie Ngounoue,2026-04-16
Cobolli F / Eysseric J,2026-04-16
Cobolli F / Korda S,2026-04-16
Cobolli F. / Musetti L,2026-04-16
Cocciaretto E / Samsonova L,2026-04-16
Coco Gauff,2026-04-16
Coleman Wong,2026-04-16
Collarini A / Duran G,2026-04-16
Collins D / Krawczyk D,2026-04-16
Colton Smith,2026-04-16
Constant Lestienne,2026-04-16
Copil M / Preda L,2026-04-16
Corentin Denolly,2026-04-16
Corentin Moutet,2026-04-16
Corley C / Corley I,2026-04-16
Corley C / Gleason Q,2026-04-16
Corley C / Moore T,2026-04-16
Corley C / Rosca C,2026-04-16
Corley C / Vedder E,2026-04-16
Cornea V V / Mies A,2026-04-16
Cornea V V / Navone M,2026-04-16
Cristian Garin,2026-04-16
Cristian J / Panova A,2026-04-16
Cristian J / Rosatello C,2026-04-16
Cristian J A / Moratelli A,2026-04-16
Cristina Bucsa,2026-04-16
Cruz Hewitt,2026-04-16
Da Silva Fick G / Gadecki O,2026-04-16
Dabrowski G / Routliffe E,2026-04-16
Dalibor Svrčina,2026-04-16
Dalila Jakupovic,2026-04-16
Dalila Spiteri,2026-04-16
Dalma Galfi,2026-04-16
Damir Džumhur,2026-04-16
Dane Sweeny,2026-04-16
Daniel Altmaier,2026-04-16
Daniel Dutra Da Silva,2026-04-16
Daniel Elahi Galan,2026-04-16
Daniel Evans,2026-04-16
Daniel Masur,2026-04-16
Daniel Merida,2026-04-16
Daniel Rincon,2026-04-16
Daniela Piani,2026-04-16
Daniell M / Watt J,2026-04-16
Danielle Collins,2026-04-16
Daniil Medvedev,2026-04-16
Danilina A / Khromacheva I,2026-04-16
Danilina A / Krunic A,2026-04-16
Danilina A / Moratelli A,2026-04-16
Danilovic O / Potapova A,2026-04-16
Danka Kovinic,2026-04-16
Daphnee Mpetshi Perricard,2026-04-16
Darderi L / Dimitrov G,2026-04-16
Darderi L / Etcheverry T M,2026-04-16
Darderi L / Gonzalez S,2026-04-16
Darderi L / Hidalgo D,2026-04-16
Darderi L / Navone M,2026-04-16
Darderi L / Norrie C,2026-04-16
Daria Kasatkina,2026-04-16
Daria Kudashova,2026-04-16
Daria Lodikova,2026-04-16
Daria Saville,2026-04-16
Daria Snigur,2026-04-16
Darja Semenistaja,2026-04-16
Darja Vidmanova,2026-04-16
Dart H / Lumsden M,2026-04-16
Dart H / Niculescu M,2026-04-16
Dart H / Olmos G,2026-04-16
Dart H / Parry D,2026-04-16
Dartron E / Rakotomanga Rajaonah T S,2026-04-16
Darwin Blanch,2026-04-16
Darya Astakhova,2026-04-16
David Goffin,2026-04-16
Davidovich Fokina A / Fils A,2026-04-16
Davidovich Fokina A / Tiafoe F,2026-04-16
Dayana Yastremska,2026-04-16
Defne Cirpanli,2026-04-16
Demoliner M / Middelkoop M,2026-04-16
Demoliner M / Romboli F,2026-04-16
Demoliner M / Zormann M,2026-04-16
Denis Shapovalov,2026-04-16
Denis Yevseyev,2026-04-16
Deniz Dilek,2026-04-16
Despina Papamichail,2026-04-16
Destanee Aiava,2026-04-16
Detiuc A / Kolodziejova M,2026-04-16
Detiuc A / Salkova D,2026-04-16
Detiuc A / Santamaria S,2026-04-16
Detiuc A / Silva E,2026-04-16
Detiuc A / Starodubtseva Y,2026-04-16
Detiuc A / Tig P M,2026-04-16
Diae El Jardi,2026-04-16
Diallo G / Fearnley J,2026-04-16
Diana Martynov,2026-04-16
Diana Shnaider,2026-04-16
Diane Parry,2026-04-16
Diego Dedura-Palomero,2026-04-16
Diego Schwartzman,2026-04-16
Dilek D / Kumru A,2026-04-16
Diletta Cherubini,2026-04-16
Dimitar Kuzmanov,2026-04-16
Dimitra Pavlou,2026-04-16
Diyas Z / Yashina E,2026-04-16
Djokovic N / Kyrgios N,2026-04-16
Djokovic N / Verdasco F,2026-04-16
Dmitry Popko,2026-04-16
Dodig I / Korda S,2026-04-16
Dodig I / Luz O,2026-04-16
Dodig I / Mansouri S,2026-04-16
Dodig I / Zhang Z,2026-04-16
Dolehide C / Hunter S,2026-04-16
Dolehide C / Krawczyk D,2026-04-16
Dolehide C / Krueger A,2026-04-16
Dolehide C / Stollar F,2026-04-16
Dolehide C / Townsend T,2026-04-16
Dominic Stricker,2026-04-16
Dominik Koepfer,2026-04-16
Dominika Salkova,2026-04-16
Donna Vekić,2026-04-16
Doumbia S / Reboul F,2026-04-16
Draper J / Machač T,2026-04-16
Drzewiecki K / Matuszewski P,2026-04-16
Duarte Vale,2026-04-16
Duckworth J / Vukic A,2026-04-16
Duje Ajduković,2026-04-16
Dušan Lajović,2026-04-16
Dzumhur D / Lajovic D,2026-04-16
Dzumhur D / Tsitsipas P,2026-04-16
E. Appleton / Q. Tang,2026-04-16
E. Lechemia / M. S. A. Abdelaziz,2026-04-16
Eala A / Gauff C,2026-04-16
Eala A / Masarova R,2026-04-16
Eala A / Tsao C Y,2026-04-16
Eala A / Volynets K,2026-04-16
Eala A / Zarazua Ruckstuhl R,2026-04-16
Ebden M / Hunter S,2026-04-16
Ebden M / Peers J,2026-04-16
Ebden M / Vliegen J,2026-04-16
Edas Butvilas,2026-04-16
Edward Winter,2026-04-16
Eikeri U / Gleason Q,2026-04-16
Eikeri U / Hozumi E,2026-04-16
Eikeri U / Niculescu M,2026-04-16
Eikeri U / Ninomiya Makot,2026-04-16
Eikeri U / Olmos G,2026-04-16
Eikeri U / Wu F,2026-04-16
Ekaterina Alexandrova,2026-04-16
Ekaterina Kazionova,2026-04-16
Ekaterina Makarova,2026-04-16
Ekaterina Ovcharenko,2026-04-16
Ekaterina Yashina,2026-04-16
Ekaterine Gorgodze,2026-04-16
El Aouni A / El Jardi D,2026-04-16
Eleejah Inisan,2026-04-16
Elena Malygina,2026-04-16
Elena Micic,2026-04-16
Elena Pridankina,2026-04-16
Elena Ruxandra Bertea,2026-04-16
Elena Rybakina,2026-04-16
Elena-Gabriela Ruse,2026-04-16
Eleonora Alvisi,2026-04-16
Elias Ymer,2026-04-16
Elina Avanesyan,2026-04-16
Elina Svitolina,2026-04-16
Eliot Spizzirri,2026-04-16
Elisabetta Cocciaretto,2026-04-16
Elise Mertens,2026-04-16
Elizabeth Mandlik,2026-04-16
Ella McDonald,2026-04-16
Ella Seidel,2026-04-16
Ellen Perez,2026-04-16
Elliot Benchetrit,2026-04-16
Ellis B / Fancutt T,2026-04-16
Elmer Moller,2026-04-16
Elsa Jacquemot,2026-04-16
Elvina Kalieva,2026-04-16
Emanuela Lares,2026-04-16
Emeline Dartron,2026-04-16
Emerson Jones,2026-04-16
Emiliana Arango,2026-04-16
Emilio Nava,2026-04-16
Emily Appleton,2026-04-16
Emina Bektas,2026-04-16
Emma Navarro,2026-04-16
Emma Raducanu,2026-04-16
Ena Shibahara,2026-04-16
Engel J / Rehberg M H,2026-04-16
Enrico Dalla Valle,2026-04-16
Enzo Couacaud,2026-04-16
Ergi Kirkin,2026-04-16
Eri Hozumi,2026-04-16
Eric Hadigian,2026-04-16
Erika Andreeva,2026-04-16
Erjavec V / Romero Gormaz L,2026-04-16
Erjavec V / Salkova D,2026-04-16
Erler A / Frantzen C,2026-04-16
Erler A / Mies A,2026-04-16
Errani S / Paolini J,2026-04-16
Escobar G / Hidalgo D,2026-04-16
Escobar G / Smith J-P,2026-04-16
Ethan Quinn,2026-04-16
Eva Bennemann,2026-04-16
Eva Lys,2026-04-16
Eva Marie Desvignes,2026-04-16
Eva Vedder,2026-04-16
Evan Zhu,2026-04-16
Eysseric J / Muller A,2026-04-16
Fabio Fognini,2026-04-16
Facundo Bagnis,2026-04-16
Facundo Diaz Acosta,2026-04-16
Facundo Mena,2026-04-16
Fancutt T / Romios M,2026-04-16
Faria J / Shevchenko A,2026-04-16
Federica Di Sarra,2026-04-16
Federica Urgesi,2026-04-16
Federico Agustin Gomez,2026-04-16
Federico Arnaboldi,2026-04-16
Federico Cinà,2026-04-16
Federico Coria,2026-04-16
Felipe Meligeni Alves,2026-04-16
Felix Auger-Aliassime,2026-04-16
Felix Corwin,2026-04-16
Fernanda Contreras,2026-04-16
Fernandez L / Stollar F,2026-04-16
Fernandez L A / Kichenok N,2026-04-16
Fernandez L A / Melichar-Martinez N,2026-04-16
Fernandez L A / Putintseva Y,2026-04-16
Fernandez L A / Stefani L,2026-04-16
Fernandez L A / Sun L,2026-04-16
Ficovich J P / Kestelboim M,2026-04-16
Filip Cristian Jianu,2026-04-16
Filip Misolic,2026-04-16
Fils A / Humbert U,2026-04-16
Fiona Ferro,2026-04-16
Flavio Cobolli,2026-04-16
Fossa Huergo N / Kulambayeva Z,2026-04-16
Fossa Huergo N / Rosatello C,2026-04-16
Fossa Huergo N / Strakhova V,2026-04-16
Fourlis J / Hule P,2026-04-16
Frances Tiafoe,2026-04-16
Francesca Jones,2026-04-16
Francesco Passaro,2026-04-16
Francisca Jorge,2026-04-16
Francisco Cerundolo,2026-04-16
Francisco Comesaña,2026-04-16
Frantzen C / Haase R,2026-04-16
Frantzen C / Jebens H,2026-04-16
Freya Christie,2026-04-16
Funk A / Marysko V,2026-04-16
Fábián Marozsán,2026-04-16
G. Andreozzi / T. Arribage,2026-04-16
Gabriel Diallo,2026-04-16
Gabriela Agra Amorim,2026-04-16
Gabriela Knutson,2026-04-16
Gabriela Lee,2026-04-16
Gabriele Piraino,2026-04-16
Gabriella da Silva Fick,2026-04-16
Gadecki O / Hozumi E,2026-04-16
Gadecki O / Nicholls O,2026-04-16
Gadecki O / Zhang S,2026-04-16
Gael Monfils,2026-04-16
Galfi D / Rakhimova K,2026-04-16
Galloway R / Jiang X,2026-04-16
Galloway R / Melichar-Martinez N,2026-04-16
Galloway R / Peers J,2026-04-16
Galloway R / Withrow J,2026-04-16
Gao X / Jacquemot E,2026-04-16
Garcia C / Parry D,2026-04-16
Gasquet R / Pouille L,2026-04-16
Gauff C / Montgomery R,2026-04-16
Gauthier Onclin,2026-04-16
Gea A / Kouame MO,2026-04-16
Genaro Alberto Olivieri,2026-04-16
Geoffrey Blancaneaux,2026-04-16
Georges M / Maria T,2026-04-16
Georgi Georgiev,2026-04-16
Georgia Andreea Craciun,2026-04-16
Gergana Topalova,2026-04-16
Gianluca Mager,2026-04-16
Giavara H / Hewitt D,2026-04-16
Gibson T / Joint M,2026-04-16
Gijs Brouwer,2026-04-16
Gille S / Dabrowski G,2026-04-16
Gille S / Hunter S,2026-04-16
Gille S / Zielinski J,2026-04-16
Gina Feistel,2026-04-16
Giorgia Pedone,2026-04-16
Giovanni Mpetshi Perricard,2026-04-16
Giron M / King E,2026-04-16
Giron M / Rinderknech A,2026-04-16
Giron M / Romboli F,2026-04-16
Giulio Zeppieri,2026-04-16
Glasspool L / Olmos G,2026-04-16
Glasspool L / Panova A,2026-04-16
Gleason Q / Kempen M,2026-04-16
Gleason Q / Lamens S,2026-04-16
Gleason Q / Martins I,2026-04-16
Gleason Q / Volynets K,2026-04-16
Gleason Q / Zimmermann K,2026-04-16
Goffin D / Muller A,2026-04-16
Gojo B / Kecmanovic M,2026-04-16
Goldhoff G / Hilderbrand T,2026-04-16
Golubic V / Minnen G,2026-04-16
Gomez F A / Gonzalez S,2026-04-16
Gomez F A / Pacheco Mendez R,2026-04-16
Gonzalez M / Molteni A,2026-04-16
Gonzalez M / Olmos G,2026-04-16
Gonzalez M / Stefani L,2026-04-16
Gonzalez S / Krajicek A,2026-04-16
Gonzalez S / Miedler L,2026-04-16
Gonzalez S / Tabilo A,2026-04-16
Goransson A / Khromacheva I,2026-04-16
Goransson A / King E,2026-04-16
Goransson A / Verbeek S,2026-04-16
Grabher J / Kraus S,2026-04-16
Grabher J / Moore T,2026-04-16
Grabher J / Pigossi L,2026-04-16
Gracheva V / Kalashnikova O,2026-04-16
Gracheva V / Sun L,2026-04-16
Granollers M / Zeballos H,2026-04-16
Grant T C / Pigato L,2026-04-16
Greet Minnen,2026-04-16
Gregoire Barrere,2026-04-16
Griekspoor T / Pavlasek A,2026-04-16
Griekspoor T / Stevens B,2026-04-16
Griekspoor T / Van De Zandschulp B,2026-04-16
Grigor Dimitrov,2026-04-16
Guinard M / Jacq G,2026-04-16
Guinard M / Jeanjean L,2026-04-16
Guinard M / Nys H,2026-04-16
Guinard M / Rinderknech A,2026-04-16
Guinard M / Vliegen J,2026-04-16
Guiomar Maristany,2026-04-16
Guo H / Melichar-Martinez N,2026-04-16
Guo H / Panova A,2026-04-16
Guo H / Shibahara E,2026-04-16
Gureva A / Ibragimova A,2026-04-16
Gustavo Heide,2026-04-16
Guy Den Ouden,2026-04-16
Haase R / Jebens H,2026-04-16
Haase R / Middelkoop M,2026-04-16
Haase R / Nedovyesov A,2026-04-16
Haase R / Van De Zandschulp B,2026-04-16
Haase R / Verbeek S,2026-04-16
Hach Verdugo H / Tracy J,2026-04-16
Hach Verdugo H / Trotter J K,2026-04-16
Haddad Maia B / Siegemund L,2026-04-16
Hady Habib,2026-04-16
Hailey Baptiste,2026-04-16
Haley Giavara,2026-04-16
Halys Q / Molchanov D,2026-04-16
Halys Q / Olivetti A,2026-04-16
Hamad Medjedović,2026-04-16
Han Shi,2026-04-16
Hanna Chang,2026-04-16
Hanne Vandewinkel,2026-04-16
Hanyu Guo,2026-04-16
Hao-Ching Chan,2026-04-16
Harmony Tan,2026-04-16
Harold Mayot,2026-04-16
Harriet Dart,2026-04-16
Harrison C / King E,2026-04-16
Harrison C / Melichar-Martinez N,2026-04-16
Harrison C / Pel D,2026-04-16
Harrison C / Ram R,2026-04-16
Harrison C / Willis M,2026-04-16
Hartono A / Thombare P,2026-04-16
Hartono A / Vedder E,2026-04-16
Haruka Kaji,2026-04-16
Haverlag I / Lumsden M,2026-04-16
Haverlag I / Naef C,2026-04-16
Haverlag I / Rosolska A,2026-04-16
Haverlag I / Silva E,2026-04-16
Hayden Jones,2026-04-16
Heather Watson,2026-04-16
Heide G / Zormann M,2026-04-16
Heliovaara H / Danilina A,2026-04-16
Heliovaara H / Patten H,2026-04-16
Henri Squire,2026-04-16
Henrique Rocha,2026-04-16
Herbert P-H / Mahut N,2026-04-16
Herrero Linana A / Rosca C,2026-04-16
Hibino N / Kalashnikova O,2026-04-16
Hibino N / Lumsden M,2026-04-16
Hibino N / Ninomiya M,2026-04-16
Hibino N / Tang Q,2026-04-16
Hidalgo D / Tabilo A,2026-04-16
Higuita Barraza M I / Sanchez Uribe M J,2026-04-16
Hijikata R / Jacq G,2026-04-16
Hijikata R / Kecmanovic M,2026-04-16
Hijikata R / Kubler J,2026-04-16
Hijikata R / Michelsen A,2026-04-16
Hijikata R / Shelton B,2026-04-16
Hijikata R / Thompson J,2026-04-16
Hijikata R / Walton A,2026-04-16
Himeno Sakatsume,2026-04-16
Hina Inoue,2026-04-16
Holger Rune,2026-04-16
Hon P / Kalinskaya A,2026-04-16
Hon P / Saville D,2026-04-16
Hon P / Wickmayer Y,2026-04-16
Hontama M / Okamura K,2026-04-16
Hsieh S / Ostapenko J,2026-04-16
Hsieh S-W / Zhang S,2026-04-16
Hubert Hurkacz,2026-04-16
Hugo Dellien,2026-04-16
Hugo Gaston,2026-04-16
Hugo Grenier,2026-04-16
Hunter S / Perez E,2026-04-16
Hurkacz H / Mensik J,2026-04-16
Ibbou I / Karamoko N,2026-04-16
Ibbou I / Wagner A,2026-04-16
Ibragimova A / Tran L,2026-04-16
Iga Swiatek,2026-04-16
Ignacio Buse,2026-04-16
Ilay Yoruk,2026-04-16
Iliev S / Léné E,2026-04-16
Ilinca Dalina Amariei,2026-04-16
Ines Murta,2026-04-16
Inglis M / Kubler J,2026-04-16
Ipek Oz,2026-04-16
Irem Kurt,2026-04-16
Irene Burillo,2026-04-16
Irina Maria Bara,2026-04-16
Irina-Camelia Begu,2026-04-16
Iryna Shymanovich,2026-04-16
Isaac Becroft,2026-04-16
Isabel He,2026-04-16
Isis Louise van Den Broek,2026-04-16
Ito A / Yashina E,2026-04-16
Iva Jovic,2026-04-16
Ivan Gakhov,2026-04-16
Ivantsiv M / Voloshchuk A,2026-04-16
Jabeur O / Niemeier J,2026-04-16
Jack Draper,2026-04-16
Jack Pinnington Jones,2026-04-16
Jacob Bradshaw,2026-04-16
Jacob Fearnley,2026-04-16
Jacopo Vasamì,2026-04-16
Jacq G / Luz O,2026-04-16
Jacq G / Muller A,2026-04-16
Jacq G / Ponchet J,2026-04-16
Jacq G / Romios M C,2026-04-16
Jacquemot E / Ponchet J,2026-04-16
Jacquemot E / Rakotomanga Rajaonah T S,2026-04-16
Jacquemot E / Rouvroy M,2026-04-16
Jacquemot E / Sierra S,2026-04-16
Jacquemot E / Stakusic M,2026-04-16
Jaime Faria,2026-04-16
Jaimee Fourlis,2026-04-16
Jakub Menšik,2026-04-16
Jakupovic D / Raina A,2026-04-16
James Duckworth,2026-04-16
James McCabe,2026-04-16
James Trotter,2026-04-16
Jamie Loeb,2026-04-16
Jan Choinski,2026-04-16
Jan-Lennard Struff,2026-04-16
Jana Fett,2026-04-16
Janicijevic S / Monnet C,2026-04-16
Jannik Sinner,2026-04-16
Jaqueline Cristian,2026-04-16
Jarry N / Demoliner M,2026-04-16
Jarry N / Mpetshi Perricard G,2026-04-16
Jasika O / Aiava D,2026-04-16
Jasmine Paolini,2026-04-16
Jason Kubler,2026-04-16
Jaume Munar,2026-04-16
Javier Barranco Cosano,2026-04-16
Jazmin Ortenzi,2026-04-16
Jeanjean L / Lepchenko V,2026-04-16
Jeanjean L / Ponchet J,2026-04-16
Jebens H / Miedler L,2026-04-16
Jebens H / Mies A,2026-04-16
Jebens H / Olivetti A,2026-04-16
Jecan A / Pichler D,2026-04-16
Jeffrey John Wolf,2026-04-16
Jelena Ostapenko,2026-04-16
Jelle Sels,2026-04-16
Jennifer Jackson,2026-04-16
Jenny Lim,2026-04-16
Jenson Brooksby,2026-04-16
Jerome Kym,2026-04-16
Jesika Maleckova,2026-04-16
Jesper De Jong,2026-04-16
Jessica Bouzas Maneiro,2026-04-16
Jessica Failla,2026-04-16
Jessica Hinojosa Gomez,2026-04-16
Jessica Pegula,2026-04-16
Jessica Pieri,2026-04-16
Jessika Ponchet,2026-04-16
Jiang X / Wu F,2026-04-16
Jiang X / Xu Y,2026-04-16
Jiang X / Zhu L,2026-04-16
Jiang Xinyu / Wang Yaf,2026-04-16
Jil Teichmann,2026-04-16
Jimenez Kasintseva V / Preston T,2026-04-16
Jiri Lehečka,2026-04-16
Joanna Garland,2026-04-16
Joao Fonseca,2026-04-16
Joao Lucas Reis da Silva,2026-04-16
Jodie Burrage,2026-04-16
Joint M / Kalashnikova O,2026-04-16
Joint M / Preston T,2026-04-16
Joint M / Shibahara E,2026-04-16
Jones H / Jones E,2026-04-16
Jones M / Kessler M,2026-04-16
Jones M / Moore T,2026-04-16
Jones M / Rosca C,2026-04-16
Jones MA / Osborne A,2026-04-16
Jordan Thompson,2026-04-16
Jorge F / Jorge M,2026-04-16
Jovic I / Lepchenko V,2026-04-16
Joy de Zeeuw,2026-04-16
Jozef Kovalik,2026-04-16
Juan Bautista Torres,2026-04-16
Juan Manuel Cerundolo,2026-04-16
Juan Pablo Ficovich,2026-04-16
Juan Pablo Varillas,2026-04-16
Jule Niemeier,2026-04-16
Julia Grabher,2026-04-16
Julia Riera,2026-04-16
Julie Belgraver,2026-04-16
Julieta Pareja,2026-04-16
Juncheng Shang,2026-04-16
Jurij Rodionov,2026-04-16
Justin Engel,2026-04-16
Justina Mikulskyte,2026-04-16
K. Piter / M. S. A. Abdelaziz,2026-04-16
Kabbaj Y / Udvardy L,2026-04-16
Kaitlin Quevedo,2026-04-16
Kaja Juvan,2026-04-16
Kajsa Rinaldo Persson,2026-04-16
Kalashnikova O / Kulikov A,2026-04-16
Kalashnikova O / Moratelli A,2026-04-16
Kalashnikova O / Pridankina E,2026-04-16
Kalashnikova O / Rakhimova K,2026-04-16
Kalashnikova O / Salden L,2026-04-16
Kalinina A / Xu Yifa,2026-04-16
Kalinskaya A / McNally C,2026-04-16
Kamil Majchrzak,2026-04-16
Kamilla Rakhimova,2026-04-16
Karamoko N / Perrin C,2026-04-16
Karatancheva L / Yashina E,2026-04-16
Karen Khachanov,2026-04-16
Karim Bennani,2026-04-16
Karolina Muchova,2026-04-16
Karue Sell,2026-04-16
Kasatkina D / Stearns P,2026-04-16
Kasidit Samrej,2026-04-16
Katarina Zavatska,2026-04-16
Katarzyna Kawa,2026-04-16
Katerina Siniakova,2026-04-16
Katherine Sebov,2026-04-16
Kathinka von Deichmann,2026-04-16
Katie Boulter,2026-04-16
Katie Volynets,2026-04-16
Kato M / Sutjiadi A,2026-04-16
Kato M / Zarazua R,2026-04-16
Kawa K / Shibahara E,2026-04-16
Kawa K / Zimmermann K,2026-04-16
Kayla Cross,2026-04-16
Kayla Day,2026-04-16
Kaylah McPhee,2026-04-16
Kecmanovic M / Nakashima B,2026-04-16
Kei Nishikori,2026-04-16
Kempen M / Lumsden M,2026-04-16
Kempen M / Martins I,2026-04-16
Kempen M / Ponchet J,2026-04-16
Kempen M / Siskova A,2026-04-16
Kenin S / Kichenok L,2026-04-16
Kenin S / Linette M,2026-04-16
Kenin S / Niculescu M,2026-04-16
Kessler M / Lamens S,2026-04-16
Kessler M / Montgomery R,2026-04-16
Kessler M / Rus A,2026-04-16
Kessler M / Tauson C,2026-04-16
Kessler M / Zarazua R,2026-04-16
Kessler M / Zhang S,2026-04-16
Keys M / Sakkari M,2026-04-16
Khachanov K / Rublev A,2026-04-16
Khromacheva I / Noskova L,2026-04-16
Khromacheva I / Olmos G,2026-04-16
Khromacheva I / Stollar F,2026-04-16
Khumoyun Sultanov,2026-04-16
Kichenok L / Kichenok N,2026-04-16
Kichenok N / Mertens E,2026-04-16
Kichenok N / Ninomiya M,2026-04-16
Kichenok N / Sutjiadi A,2026-04-16
Kichenok N / Xu Y,2026-04-16
Kichenok N / Yastremska D,2026-04-16
Kilian Feldbausch,2026-04-16
Kimberly Birrell,2026-04-16
Kimmer Coppejans,2026-04-16
King E / Townsend T,2026-04-16
Kokkinakis T / Kyrgios N,2026-04-16
Kolb M / Kolb N,2026-04-16
Kolodziejova M / Maleckova J,2026-04-16
Konjuh A / Pera B,2026-04-16
Kononova M / Rosca C,2026-04-16
Kononova M / Zaar L,2026-04-16
Korda S / Thompson J,2026-04-16
Korpatsch T / Tig P M,2026-04-16
Kostovic T / Pridankina E,2026-04-16
Kostyuk M / Ruse E,2026-04-16
Kozyreva M / Shymanovich I,2026-04-16
Kozyreva M / Tikhonova A,2026-04-16
Krajicek A / Ram R,2026-04-16
Kraus S / Teichmann J,2026-04-16
Krawczyk D / Melichar-Martinez N,2026-04-16
Krawczyk D / Olmos G,2026-04-16
Krawczyk D / Pegula J,2026-04-16
Krawczyk D / Perez E,2026-04-16
Krawietz K / Babos T,2026-04-16
Krawietz K / Perez E,2026-04-16
Krawietz K / Puetz T,2026-04-16
Krejcikova B / Noskova L,2026-04-16
Kristina Dmitruk,2026-04-16
Kristina Mladenovic,2026-04-16
Kristina Penickova,2026-04-16
Krueger A / Pegula J,2026-04-16
Krueger M / Quinn E,2026-04-16
Krunic A / Santamaria S,2026-04-16
Krunic A / Stojanovic N,2026-04-16
Ksenia Efremova,2026-04-16
Kubler J / Thompson J,2026-04-16
Kudermetova P / Marino R,2026-04-16
Kudermetova P / Sonmez Z,2026-04-16
Kudermetova V / Mertens E,2026-04-16
Kudermetova V / Shibahara E,2026-04-16
Kulambayeva Z / Naef C,2026-04-16
Kyoka Okamura,2026-04-16
Kyrian Jacquet,2026-04-16
L. Draxl / C. Harper,2026-04-16
Lammons N / Withrow J,2026-04-16
Lanlana Tararudee,2026-04-16
Lara Salden,2026-04-16
Laslo Djere,2026-04-16
Laura Pigossi,2026-04-16
Laura Samson,2026-04-16
Laura Siegemund,2026-04-16
Lauren Davis,2026-04-16
Lea Bošković,2026-04-16
Leah Baroudi,2026-04-16
Learner Tien,2026-04-16
Lechemia E / Salden L,2026-04-16
Lechemia E / Tan H,2026-04-16
Lehecka J / Mensik J,2026-04-16
Lehecka J / Tabilo A,2026-04-16
Lemaitre T / Ponchet J,2026-04-16
Lemaitre T / Rouvroy M,2026-04-16
Leo Borg,2026-04-16
Leolia Jeanjean,2026-04-16
Leonie Kung,2026-04-16
Lepchenko V / Yashina E,2026-04-16
Leylah Fernandez,2026-04-16
Leyre Romero Gormaz,2026-04-16
Li A / Volynets K,2026-04-16
Li Tu,2026-04-16
Lia Karatancheva,2026-04-16
Liam Draxl,2026-04-16
Lian Tran,2026-04-16
Liang E / Q. Tang,2026-04-16
Liel Rothensteiner,2026-04-16
Lilli Tagger,2026-04-16
Lin Zhu,2026-04-16
Lina Glushko,2026-04-16
Linda Fruhvirtova,2026-04-16
Linda Klimovicova,2026-04-16
Linda Noskova,2026-04-16
Linette M / Olmos G,2026-04-16
Linette M / Pera B,2026-04-16
Linette M / Sramkova R,2026-04-16
Linette M / Yastremska D,2026-04-16
Lisa Pigato,2026-04-16
Liudmila Samsonova,2026-04-16
Lizette Cabrera,2026-04-16
Lloyd Harris,2026-04-16
Lois Boisson,2026-04-16
Lola Radivojević,2026-04-16
Lorenzo Giustino,2026-04-16
Lorenzo Musetti,2026-04-16
Lorenzo Sonego,2026-04-16
Louisa Chirico,2026-04-16
Luca Nardi,2026-04-16
Luca Preda,2026-04-16
Luca Udvardy,2026-04-16
Luca Van Assche,2026-04-16
Lucas Pouille,2026-04-16
Lucia Bronzetti,2026-04-16
Lucia Cortez Llorca,2026-04-16
Luciano Darderi,2026-04-16
Lucija Ćirić-Bagarić,2026-04-16
Lucrezia Stefanini,2026-04-16
Luka Pavlovic,2026-04-16
Lukas Klein,2026-04-16
Lukas Neumayer,2026-04-16
Lulu Sun,2026-04-16
Lumsden M / Ninomiya M,2026-04-16
Lumsden M / Santamaria S,2026-04-16
Lumsden M / Siskova A,2026-04-16
Lumsden M / Tang Q,2026-04-16
Lumsden M / Waltert S,2026-04-16
Lumsden M / Watson H,2026-04-16
Luz O / Matos R,2026-04-16
Luz O / Meligeni Alves F,2026-04-16
Lynelle En Tong Lim,2026-04-16
Lys E / Maria T,2026-04-16
Lyudmyla Kichenok,2026-04-16
M. T. B. Vera / I. Buse,2026-04-16
Maaya Rajeshwaran Revathi,2026-04-16
Machac T / Mensik J,2026-04-16
Machac T / Paul T,2026-04-16
Machač T / Zhang Z,2026-04-16
Mackenzie McDonald,2026-04-16
Maddison Inglis,2026-04-16
Madison Keys,2026-04-16
Madison Sieg,2026-04-16
Mae Malige,2026-04-16
Magadan A / Pinho T,2026-04-16
Magda Linette,2026-04-16
Magdalena Frech,2026-04-16
Mahut N / Paquet C,2026-04-16
Mai Hontama,2026-04-16
Maja Chwalinska,2026-04-16
Majchrzak K / Walkow S,2026-04-16
Makenna Jones,2026-04-16
Makoto Ninomiya,2026-04-16
Maks Kasnikowski,2026-04-16
Malaika Rapolu,2026-04-16
Malene Helgo,2026-04-16
Mananchaya Sawangkaew,2026-04-16
Manas Dhamne,2026-04-16
Mandlik E / McNally C,2026-04-16
Mandlik E / Rus A,2026-04-16
Manon Leonard,2026-04-16
Mansouri S / Rojer J-J,2026-04-16
Mansouri S / Vliegen J,2026-04-16
Manuel Guinard,2026-04-16
Marc Polmans,2026-04-16
Marc-Andrea Huesler,2026-04-16
Marco Trungelliti,2026-04-16
Marcos Giron,2026-04-16
Margaux Rouvroy,2026-04-16
Maria Camila Torres Murcia,2026-04-16
Maria Carle,2026-04-16
Maria Jose Sanchez Uribe,2026-04-16
Maria Kozyreva,2026-04-16
Maria Mateas,2026-04-16
Maria Sakkari,2026-04-16
Maria Sara Popa,2026-04-16
Maria Timofeeva,2026-04-16
Mariam Bolkvadze,2026-04-16
Mariana Isabel Higuita Barraza,2026-04-16
Mariano Navone,2026-04-16
Marie Benoit,2026-04-16
Marie Bouzkova,2026-04-16
Mariella Thamm,2026-04-16
Mariia Tkacheva,2026-04-16
Marin Čilić,2026-04-16
Marina Bassols Ribera,2026-04-16
Marina Stakusic,2026-04-16
Marino R / Moore T,2026-04-16
Marino R / Smith A,2026-04-16
Mark Lajal,2026-04-16
Marketa Vondrousova,2026-04-16
Marko Topo,2026-04-16
Marta Kostyuk,2026-04-16
Marti Pujolras A / Montes-de la Torre I,2026-04-16
Martin Damm Jr,2026-04-16
Martin Klizan,2026-04-16
Martin Landaluce,2026-04-16
Martina Colmegna,2026-04-16
Martinez P / Mpetshi Perricard G,2026-04-16
Martinez Solis C S / Navarro Oliva M F,2026-04-16
Martins I / Riera J,2026-04-16
Martins I / Santamaria S,2026-04-16
Martins I / Zarazua R,2026-04-16
Martins I / Zidansek T,2026-04-16
Marton Fucsovics,2026-04-16
Martínez P / Munar J,2026-04-16
Marčinko P / Würth T,2026-04-16
Mateas M / Smith A,2026-04-16
Mateus Alves,2026-04-16
Mathys Erhard,2026-04-16
Matias Soto,2026-04-16
Matilde Jorge,2026-04-16
Matos R / Bucsa C,2026-04-16
Matos R / Melo M,2026-04-16
Matos R / Vliegen J,2026-04-16
Matos R / Zormann M,2026-04-16
Mattek-Sands B / Murray J,2026-04-16
Mattek-Sands B / Safarova L,2026-04-16
Mattek-Sands B / Stefani L,2026-04-16
Matteo Arnaldi,2026-04-16
Matteo Berrettini,2026-04-16
Matteo Gigante,2026-04-16
Matteo Martineau,2026-04-16
Matthew Dellavedova,2026-04-16
Mattia Bellucci,2026-04-16
Mavie Osterreicher,2026-04-16
Max Alcala Gurri,2026-04-16
Max Hans Rehberg,2026-04-16
Max Houkes,2026-04-16
Max Wiskandt,2026-04-16
Maxime Janvier,2026-04-16
Maximilian Marterer,2026-04-16
Maya Joint,2026-04-16
Mayar Sherif,2026-04-16
Mayot H / Parry D,2026-04-16
McCartney Kessler,2026-04-16
McDonald M / Michelsen A,2026-04-16
Mcdonald M / Tien L,2026-04-16
Mediorreal Arias V / Perez Garcia M P,2026-04-16
Mees Rottgering,2026-04-16
Mei Yamaguchi,2026-04-16
Mektic N / Branstine C,2026-04-16
Mektic N / Schuurs D,2026-04-16
Mektic N / Venus M,2026-04-16
Melichar-Martinez N / Samsonova L,2026-04-16
Melisa Ercan,2026-04-16
Melo M / Chan H,2026-04-16
Melo M / Zverev A,2026-04-16
Mensik J / Pavlásek A,2026-04-16
Merida D / Zayid M S,2026-04-16
Mertens E / Perez E,2026-04-16
Mertens E / Zhang S,2026-04-16
Mia Ristić,2026-04-16
Michael Mmoh,2026-04-16
Michael Vrbensky,2026-04-16
Michelsen A / Shelton B,2026-04-16
Michelsen A / Tien L,2026-04-16
Middelkoop M / Mies A,2026-04-16
Middelkoop M / Veldheer M,2026-04-16
Midon L / Villanueva G,2026-04-16
Mies A / Safiullin R,2026-04-16
Mies A / Struff J,2026-04-16
Mies A / Zahraj P,2026-04-16
Mihaela Buzarnescu,2026-04-16
Mihalikova T / Nicholls O,2026-04-16
Mihalikova T / Noskova L,2026-04-16
Mika Petkovic,2026-04-16
Mika Stojsavljevic,2026-04-16
Mikael Ymer,2026-04-16
Mikhail Kukushkin,2026-04-16
Milana Ivantsiv,2026-04-16
Mina Hodzic,2026-04-16
Mingge Xu,2026-04-16
Minnen G / Rus A,2026-04-16
Miomir Kecmanović,2026-04-16
Miriam Bulgaru,2026-04-16
Miriana Tona,2026-04-16
Mirjam Bjorklund,2026-04-16
Mirra Andreeva,2026-04-16
Mitchell Krueger,2026-04-16
Mladenovic K / Dodig I,2026-04-16
Mladenovic K / Zhang S,2026-04-16
Mmoh M / Tiafoe F,2026-04-16
Moise Kouame,2026-04-16
Molteni A / Muhammad A,2026-04-16
Molteni A / Romboli F,2026-04-16
Momoko Kobori,2026-04-16
Mona Barthel,2026-04-16
Moore T / Osuigwe W,2026-04-16
Moore T / Plipuech P,2026-04-16
Moore T / Tomova V,2026-04-16
Moratelli A / Ninomiya Makot,2026-04-16
Moratelli A / Piter K,2026-04-16
Moratelli A / Rosatello C,2026-04-16
Moyuka Uchijima,2026-04-16
Mpetshi Perricard G / Muller A,2026-04-16
Mpetshi Perricard G / Olivetti A,2026-04-16
Mubarak Shannan Zayid,2026-04-16
Muhammad A / Schuurs D,2026-04-16
Murkel Dellien,2026-04-16
Murphy Cassone,2026-04-16
Murray J / Peers J,2026-04-16
Murray J / Ram R,2026-04-16
Murray J / Roger-Vasselin E,2026-04-16
Murray Jam / Pavlasek A,2026-04-16
Murta I / Voloshchuk A,2026-04-16
Musetti L / Sonego L,2026-04-16
Nadia Podoroska,2026-04-16
Nadiia Kolb,2026-04-16
Nahia Berecoechea,2026-04-16
Naho Sato,2026-04-16
Naiktha Bains,2026-04-16
Nao Hibino,2026-04-16
Naoki Nakagawa,2026-04-16
Naomi Osaka,2026-04-16
Naroa Aranzabal,2026-04-16
Nastasja Schunk,2026-04-16
Navone M / Ugo Carabelli C,2026-04-16
Nedunchezhiyan J / Prashanth N V S,2026-04-16
Neus Torner Sensano,2026-04-16
Nick Hardt,2026-04-16
Nick Kyrgios,2026-04-16
Nicolai Budkov Kjaer,2026-04-16
Nicolas Jarry,2026-04-16
Nicolas Mejia,2026-04-16
Nicolas Moreno de Alboran,2026-04-16
Nicole Fossa Huergo,2026-04-16
Niculescu M / Piter K,2026-04-16
Niculescu M / Santamaria S,2026-04-16
Niculescu M / Stollar F,2026-04-16
Niels Visker,2026-04-16
Nikoloz Basilashvili,2026-04-16
Nina Stojanovic,2026-04-16
Nina Vargova,2026-04-16
Ninomiya M / Piter K,2026-04-16
Ninomiya M / Sorribes Tormo S,2026-04-16
Ninomiya M / Stollar F,2026-04-16
Ninomiya M / Tang Q,2026-04-16
Ninomiya M / Tsao C Y,2026-04-16
Ninomiya M / Xu Y-F,2026-04-16
Nishesh Basavareddy,2026-04-16
Noha Akugue N / Seidel E,2026-04-16
Noha Akugue N / Sharma A,2026-04-16
Noma Noha Akugue,2026-04-16
Noskova L / Putintseva Y,2026-04-16
Noskova L / Tauson C,2026-04-16
Noskova L / Watson H,2026-04-16
Noskova L / Xu Y,2026-04-16
Nouza P / Rikl P,2026-04-16
Nouza P / Stevens B,2026-04-16
Novak Djokovic,2026-04-16
Nuno Borges,2026-04-16
Nuria Brancaccio,2026-04-16
Nuria Parrizas Diaz,2026-04-16
Nys H / Chan H-C,2026-04-16
Nys H / Peers J,2026-04-16
Nys H / Roger-Vasselin E,2026-04-16
Nys H / Townsend T,2026-04-16
O Connell C / Safiullin R,2026-04-16
O. Kalashnikova / Q. Tang,2026-04-16
Oceane Dodin,2026-04-16
Oksana Kalashnikova,2026-04-16
Oksana Selekhmeteva,2026-04-16
Oleg Prihodko,2026-04-16
Olga Danilović,2026-04-16
Olivia Gadecki,2026-04-16
Omar Jasika,2026-04-16
Ons Jabeur,2026-04-16
Oriol Roca Batalla,2026-04-16
Orlando Luz,2026-04-16
Osborne A / Parnaby A,2026-04-16
Osorio C / Parks A,2026-04-16
Ostapenko J / Perez E,2026-04-16
Ostapenko J / Routliffe E,2026-04-16
Ostapenko J / Yastremska D,2026-04-16
Ostapenko J / Zhang S,2026-04-16
Osuigwe W / Smith A,2026-04-16
Otto Virtanen,2026-04-16
Pablo Carreño Busta,2026-04-16
Pablo Llamas Ruiz,2026-04-16
Paganetti V / Urgesi F,2026-04-16
Panna Udvardy,2026-04-16
Pannu K / Rai A,2026-04-16
Panova A / Perez E,2026-04-16
Panova A / Shibahara E,2026-04-16
Panova A / Stollar F,2026-04-16
Panova A / Yang Z,2026-04-16
Paquet C / Parry D,2026-04-16
Parks A / Smith A,2026-04-16
Patricia Maria Tig,2026-04-16
Patrick Kypson,2026-04-16
Patrick Maloney,2026-04-16
Patrick Zahraj,2026-04-16
Patten H / Nicholls O,2026-04-16
Paul J / Pel D,2026-04-16
Paul J / Stricker D,2026-04-16
Paul Jubb,2026-04-16
Paula Badosa,2026-04-16
Pavel Kotov,2026-04-16
Pavic M / Kichenok L,2026-04-16
Pavic M / Mattek-Sands B,2026-04-16
Pavlasek A / Rikl P,2026-04-16
Pavlasek A / Rojer J-J,2026-04-16
Pavlasek A / Withrow J,2026-04-16
Pavle Marinkov,2026-04-16
Pavlou D / Sakkari M,2026-04-16
Pavlyuchenkova A / Pridankina E,2026-04-16
Peangtarn Plipuech,2026-04-16
Pedro Martinez,2026-04-16
Peers J / Gadecki O,2026-04-16
Peers J / Shnaider D,2026-04-16
Pel D / Trhac P,2026-04-16
Pera B / Ruse E-G,2026-04-16
Pera B / Santamaria S,2026-04-16
Perez E / Siniakova K,2026-04-16
Petra Hule,2026-04-16
Petra Kvitova,2026-04-16
Petra Martić,2026-04-16
Petra Marčinko,2026-04-16
Peyton Stearns,2026-04-16
Pierluigi Basile,2026-04-16
Pierre-Hugues Herbert,2026-04-16
Piter K / Sasnovich A,2026-04-16
Piter K / Stollar F,2026-04-16
Piter K / Watson H,2026-04-16
Plipuech P / Sato N,2026-04-16
Plipuech P / Tsao C Y,2026-04-16
Pol Martin Tiffon,2026-04-16
Polina Kudermetova,2026-04-16
Polmans M / Romios M C,2026-04-16
Polona Hercog,2026-04-16
Potapova A / Sizikova Y,2026-04-16
Priscilla Hon,2026-04-16
Priska Madelyn Nugroho,2026-04-16
Puetz T / Kato M,2026-04-16
Puetz T / Schuurs D,2026-04-16
Putintseva Y / Tauson C,2026-04-16
Putintseva Y / Wang X,2026-04-16
Qinwen Zheng,2026-04-16
Quentin Halys,2026-04-16
Quinn E / Tien L,2026-04-16
R. A. Burruchaga / T. A. Tirante,2026-04-16
Radu Albot,2026-04-16
Rafael De Alba,2026-04-16
Rafael Jodar,2026-04-16
Rajecki A / Xu M,2026-04-16
Rakhimova K / Siskova A,2026-04-16
Rakhimova K / Sorribes Tormo S,2026-04-16
Raluca Georgiana Serban,2026-04-16
Ram R / Siniakova K,2026-04-16
Ranah Akua Stoiber,2026-04-16
Raphael Collignon,2026-04-16
Rebecca Marino,2026-04-16
Rebecca Sramkova,2026-04-16
Rebecca Šramková,2026-04-16
Rebeka Masarova,2026-04-16
Rei Sakamoto,2026-04-16
Reilly Opelka,2026-04-16
Remy Bertola,2026-04-16
Renata Jamrichova,2026-04-16
Renata Zarazua,2026-04-16
Renee Alame,2026-04-16
Richard Gasquet,2026-04-16
Riera J / Sierra S,2026-04-16
Rinderknech A / Vacherot V,2026-04-16
Rinky Hijikata,2026-04-16
Roberto Bautista Agut,2026-04-16
Roberto Carballés Baena,2026-04-16
Robin Bertrand,2026-04-16
Robin Montgomery,2026-04-16
Rodrigo Pacheco Mendez,2026-04-16
Rodriguez V / Sanchez A S,2026-04-16
Roger-Vasselin É / Siegemund L,2026-04-16
Roman Andres Burruchaga,2026-04-16
Roman Safiullin,2026-04-16
Romboli F / Smith J-P,2026-04-16
Romboli F / Soto M,2026-04-16
Romboli F / Zormann M,2026-04-16
Romios M C / Walton A,2026-04-16
Routliffe E / Venus M,2026-04-16
Rublev A / Melichar-Martinez N,2026-04-16
Rudy Quan,2026-04-16
Ruth Roura Llaverias,2026-04-16
Rutuja Bhosale,2026-04-16
Ruud C / Eikeri U,2026-04-16
Ryan Nijboer,2026-04-16
Ryan Seggerman,2026-04-16
S. Baez / A. Muller,2026-04-16
S. Baez / F. Comesaña,2026-04-16
S. Baez / S. Gonzalez,2026-04-16
S. Baez / T. Etcheverry,2026-04-16
S. Santamaria / Q. Tang,2026-04-16
Sachia Vickery,2026-04-16
Sada Nahimana,2026-04-16
Sahaja Yamalapalli,2026-04-16
Saisai Zheng,2026-04-16
Sakamoto R / Wong C,2026-04-16
Salden L / Zimmermann K,2026-04-16
Salisbury J / Mihalikova T,2026-04-16
Salisbury J / Ostapenko J,2026-04-16
Salisbury J / Skupski N,2026-04-16
Samson L / Vondrousova M,2026-04-16
Sanchez L / Belgraver J,2026-04-16
Santamaria S / Stephens S,2026-04-16
Sara Bejlek,2026-04-16
Sara Cakarevic,2026-04-16
Sara Errani,2026-04-16
Sara Saito,2026-04-16
Sara Sorribes Tormo,2026-04-16
Sara Svetac,2026-04-16
Sarah Iliev,2026-04-16
Sarah van Emst,2026-04-16
Sascha Gueymard Wayenburg,2026-04-16
Saville D / Saville L,2026-04-16
Saville L / Tu L,2026-04-16
Sayaka Ishii,2026-04-16
Schmiedlova A K / Teichmann J,2026-04-16
Schnaitter J / Wallner M,2026-04-16
Schoofs B / Zarazua R,2026-04-16
Schoolkate T / Walton A,2026-04-16
Schunk N / Seidel E,2026-04-16
Sebastian Korda,2026-04-16
Sebastian Ofner,2026-04-16
Sebastián Báez,2026-04-16
Seggerman R / Shelton B,2026-04-16
Seggerman R / Smith J-P,2026-04-16
Seggerman R / Tien L,2026-04-16
Seggerman R / Trhac P,2026-04-16
Seidel E / Teichmann J,2026-04-16
Selekhmeteva O / Timofeeva M,2026-04-16
Selena Janicijevic,2026-04-16
Semenistaja D / Stojanovic N,2026-04-16
Semenistaja D / Udvardy P,2026-04-16
Sharma A / von Deichmann K,2026-04-16
Shelton B / Zeballos H,2026-04-16
Shintaro Mochizuki,2026-04-16
Shnaider D / Stearns P,2026-04-16
Sho Shimabukuro,2026-04-16
Shrivalli Rashmikaa Bhamidipaty,2026-04-16
Shuai Zhang,2026-04-16
Siegemund L / Zvonareva V,2026-04-16
Sijia Wei,2026-04-16
Silva E / Tikhonova A,2026-04-16
Silva E / Zimmermann K,2026-04-16
Simona Halep,2026-04-16
Simona Waltert,2026-04-16
Siniakova K / Townsend T,2026-04-16
Siniakova K / Zhang S,2026-04-16
Sinja Kraus,2026-04-16
Sizikova Y / Stollar F,2026-04-16
Skupski N / Krawczyk D,2026-04-16
Sloane Stephens,2026-04-16
Smith J / Birrell K,2026-04-16
Sofia Costoulas,2026-04-16
Sofia Kenin,2026-04-16
Sofia Montesinos,2026-04-16
Sofia Rocchetti,2026-04-16
Sofia Shapatava,2026-04-16
Solana Sierra,2026-04-16
Sonay Kartal,2026-04-16
Sophie Chang,2026-04-16
Sorana Cirstea,2026-04-16
Sramkova R / Starodubtseva Y,2026-04-16
Stacey Fung,2026-04-16
Stalder R / Willis M,2026-04-16
Stan Wawrinka,2026-04-16
Stearns P / Stefani L,2026-04-16
Stearns P / Sun L,2026-04-16
Stefan Adrian Andreescu,2026-04-16
Stefan Kozlov,2026-04-16
Stefani L / Watson H,2026-04-16
Stefanie Voegele,2026-04-16
Stefano Napolitano,2026-04-16
Stefanos Tsitsipas,2026-04-16
Stephens S / Tauson C,2026-04-16
Stephens S / Volynets K,2026-04-16
Stojanovic N / Pavic M,2026-04-16
Stollar F / Sun L.,2026-04-16
Stollar F / Sutjiadi A,2026-04-16
Storm Hunter,2026-04-16
Strakhova V / Sun L,2026-04-16
Sumit Nagal,2026-04-16
Sun L / Yuan Y,2026-04-16
Susan Bandecchi,2026-04-16
Suzan Lamens,2026-04-16
Szabo B / Tig P M,2026-04-16
T. Arribage / M. Middelkoop,2026-04-16
Taha Baadi,2026-04-16
Talia Gibson,2026-04-16
Tallon Griekspoor,2026-04-16
Tamara Korpatsch,2026-04-16
Tamara Kostic,2026-04-16
Tamara Zidansek,2026-04-16
Tara Moore,2026-04-16
Tara Würth,2026-04-16
Taro Daniel,2026-04-16
Tatiana Pieri,2026-04-16
Tatiana Prozorova,2026-04-16
Tatjana Maria,2026-04-16
Taylah Preston,2026-04-16
Taylor Fritz,2026-04-16
Taylor Townsend,2026-04-16
Tegan Bush,2026-04-16
Tena Lukas,2026-04-16
Teodora Kostović,2026-04-16
Terence Atmane,2026-04-16
Teresa Poppe,2026-04-16
Tereza Martincova,2026-04-16
Tereza Valentová,2026-04-16
Tessa Johanna Brockmann,2026-04-16
Tessah Andrianjafitrimo,2026-04-16
Thanasi Kokkinakis,2026-04-16
Theo Papamalamis,2026-04-16
Thiago Agustin Tirante,2026-04-16
Thiago Monteiro,2026-04-16
Thiago Seyboth Wild,2026-04-16
Thijs Boogaard,2026-04-16
Thombare P / Zheng W,2026-04-16
Tiantsoa Rakotomanga Rajaonah,2026-04-16
Tim van Rijthoven,2026-04-16
Timofey Skatov,2026-04-16
Tina Nadine Smith,2026-04-16
Tiphanie Lemaitre,2026-04-16
Titouan Droguet,2026-04-16
Toby Alex Kodat,2026-04-16
Tomas Martin Etcheverry,2026-04-16
Tomaš Machač,2026-04-16
Tommy Paul,2026-04-16
Tomova V / Volynets K,2026-04-16
Tomás Barrios Vera,2026-04-16
Tran L / Yashina E,2026-04-16
Trevor Svajda,2026-04-16
Tristan Boyer,2026-04-16
Tristan Schoolkate,2026-04-16
Tsitsipas P / Tsitsipas P,2026-04-16
Tsitsipas P / Tsitsipas S,2026-04-16
Tyra Caterina Grant,2026-04-16
Uchijima M / Xu Y F,2026-04-16
Udvardy L / Udvardy P,2026-04-16
Ugo Blanchet,2026-04-16
Ugo Humbert,2026-04-16
Ulrikke Eikeri,2026-04-16
Usue Maitane Arconada,2026-04-16
Vaishnavi Adkar,2026-04-16
Valentin Royer,2026-04-16
Valentin Vacherot,2026-04-16
Valentina Mediorreal Arias,2026-04-16
Valentina Ryser,2026-04-16
Valerie Glozman,2026-04-16
Valeriya Strakhova,2026-04-16
Varvara Gracheva,2026-04-16
Varvara Lepchenko,2026-04-16
Vavassori A / Errani S,2026-04-16
Vedder E / Zimmermann K,2026-04-16
Vera Zvonareva,2026-04-16
Verbeek S / Wu F-H,2026-04-16
Verena Meliss,2026-04-16
Veronika Erjavec,2026-04-16
Veronika Kudermetova,2026-04-16
Veronika Podrez,2026-04-16
Victoria Azarenka,2026-04-16
Victoria Hu,2026-04-16
Victoria Jimenez Kasintseva,2026-04-16
Victoria Mboko,2026-04-16
Victoria Pohle,2026-04-16
Victoria Rodriguez,2026-04-16
Viktoria Hrunčakova,2026-04-16
Viktorija Golubic,2026-04-16
Viktoriya Tomova,2026-04-16
Vilius Gaubas,2026-04-16
Viola Turini,2026-04-16
Vit Kopřiva,2026-04-16
Vitalia Diatchenko,2026-04-16
Vitaliy Sachko,2026-04-16
Vittoria Paganetti,2026-04-16
Vlada Guryleva,2026-04-16
Vliegen J / Bucsa C,2026-04-16
Vliegen J / Withrow J,2026-04-16
Wakana Sonobe,2026-04-16
Wang X / Zheng S,2026-04-16
Watanabe S / Yuzuki T,2026-04-16
Whitney Osuigwe,2026-04-16
Wickmayer Y / Begu I,2026-04-16
Wickmayer Y / Zimmermann K,2026-04-16
William Grant,2026-04-16
Winter E / Preston T,2026-04-16
Withrow J / Khromacheva I,2026-04-16
Withrow J / Panova A,2026-04-16
Withrow J / Zeballos H,2026-04-16
Wu F / Yifan X,2026-04-16
Wushuang Zheng,2026-04-16
Ximena Senties,2026-04-16
Xinxin Yao,2026-04-16
Xinyu Gao,2026-04-16
Xinyu Wang,2026-04-16
Xiyu Wang,2026-04-16
Xu Y / Yang Z,2026-04-16
Xu Y F / Zheng S,2026-04-16
Yafan Wang,2026-04-16
Yanina Wickmayer,2026-04-16
Yannick Hanfmann,2026-04-16
Yara Bartashevich,2026-04-16
Yasmine Kabbaj,2026-04-16
Yasmine Mansouri,2026-04-16
Yasutaka Uchiyama,2026-04-16
Yelyzaveta Kotliar,2026-04-16
Yibing Wu,2026-04-16
Yoshihito Nishioka,2026-04-16
Yosuke Watanuki,2026-04-16
Younes Lalami Laaroussi,2026-04-16
Ysaline Bonaventure,2026-04-16
Yue Yuan,2026-04-16
Yulia Putintseva,2026-04-16
Yuliana Monroy,2026-04-16
Yuliia Starodubtseva,2026-04-16
Yunchaokete Bu,2026-04-16
Yuriko Lily Miyazaki,2026-04-16
Yuta Shimizu,2026-04-16
Yvonne Cavalle-Reimers,2026-04-16
Zachary Svajda,2026-04-16
Zarina Diyas,2026-04-16
Zeynep Sönmez,2026-04-16
Zhang S / Alexandrova E,2026-04-16
Zhang Z / Siniakova K,2026-04-16
Zhibek Kulambayeva,2026-04-16
Zhizhen Zhang,2026-04-16
Zielinski J / Hsieh S-W,2026-04-16
Zizou Bergs,2026-04-16
de Minaur A / Struff J,2026-04-16
Šrámková R / Tomova V,2026-04-16
